drop database if exists escola;
-- Create database
CREATE DATABASE escola
    WITH 
    OWNER = postgres
    ENCODING = 'UTF8'
    CONNECTION LIMIT = -1;
-- Conecte ao banco recem criado
\c escola;
	
CREATE TABLE IF NOT EXISTS DEPARTAMENTO (
   	codigo_dpto SERIAL PRIMARY KEY,
	nome varchar(100) NOT NULL
	);
	
CREATE TABLE IF NOT EXISTS CURSO (
   	codigo_CURSO SERIAL PRIMARY KEY,
	nome varchar(100) NOT NULL, 
	descricao varchar(500),
	codigo_dpto int,
	CONSTRAINT CURSO_departamento_fk FOREIGN KEY (codigo_dpto)
		REFERENCES DEPARTAMENTO(codigo_dpto)
	);
	
CREATE TABLE IF NOT EXISTS PROFESSOR (
   	matricula_prof SERIAL PRIMARY KEY,
	nome varchar(100) NOT NULL, 
	endereco varchar(200),
	telefone varchar(20),
	data_nascimento date,
	codigo_dpto int,
	data_contratacao date,
	CONSTRAINT professor_departamento_fk FOREIGN KEY (codigo_dpto)
		REFERENCES DEPARTAMENTO(codigo_dpto)
	);

	
CREATE TABLE IF NOT EXISTS DISCIPLINA (
   	codigo_disc SERIAL PRIMARY KEY,
	nome varchar(100) NOT NULL,
	qtde_creditos int NOT NULL, 
	matricula_prof int,
	CONSTRAINT professor_DISCIPLINA_fk FOREIGN KEY (matricula_prof)
		REFERENCES PROFESSOR(matricula_prof)
	);

CREATE TABLE IF NOT EXISTS PREREQUISITO(
	codigo_disc int NOT NULL,
	codigo_prereq int NOT NULL,
	CONSTRAINT prerequisito_pk_composta PRIMARY KEY (codigo_disc, codigo_prereq),
	CONSTRAINT prerequisito_codigo_disc_fk FOREIGN KEY (codigo_disc)
		REFERENCES DISCIPLINA(codigo_disc)
		ON DELETE CASCADE,
	CONSTRAINT cursa_DISCIPLINA_fk FOREIGN KEY (codigo_disc)
		REFERENCES DISCIPLINA(codigo_disc)
		ON DELETE CASCADE
	);

CREATE TABLE IF NOT EXISTS COMPOE (
   	codigo_CURSO int NOT NULL,
	codigo_disc int NOT NULL,		
	CONSTRAINT compoe_pk_composta PRIMARY KEY (codigo_CURSO, codigo_disc),
	CONSTRAINT compoe_CURSO_fk FOREIGN KEY (codigo_CURSO)
		REFERENCES CURSO(codigo_CURSO)
		ON DELETE CASCADE,
	CONSTRAINT cursa_DISCIPLINA_fk FOREIGN KEY (codigo_disc)
		REFERENCES DISCIPLINA(codigo_disc)
		ON DELETE CASCADE
	);
	
CREATE TABLE IF NOT EXISTS ALUNO (
   	cpf varchar(14) NOT NULL PRIMARY KEY,
	nome varchar(100) NOT NULL, 
	endereco varchar(200),
	telefone varchar(20),
	data_nascimento date	
	);
	
CREATE TABLE IF NOT EXISTS MATRICULA (
codigo_CURSO int NOT NULL,
   	cpf varchar(14) NOT NULL,
	data_matricula date NOT NULL,	
	CONSTRAINT matricula_pk_composta PRIMARY KEY (cpf,codigo_CURSO),
	CONSTRAINT matricula_aluno_fk FOREIGN KEY (cpf)
		REFERENCES ALUNO(cpf)
		ON DELETE CASCADE,
	CONSTRAINT matricula_CURSO_fk FOREIGN KEY (codigo_CURSO)
		REFERENCES CURSO(codigo_CURSO)
		ON DELETE CASCADE
	);

CREATE TABLE IF NOT EXISTS CURSA (
   	cpf varchar(14) NOT NULL,
	codigo_disc int NOT NULL,		
	CONSTRAINT cursa_pk_composta PRIMARY KEY (cpf, codigo_disc),
	CONSTRAINT cursa_aluno_fk FOREIGN KEY (cpf)
		REFERENCES ALUNO(cpf)
		ON DELETE CASCADE,
	CONSTRAINT cursa_DISCIPLINA_fk FOREIGN KEY (codigo_disc)
		REFERENCES DISCIPLINA(codigo_disc)
		ON DELETE CASCADE
	);




--DEPARTAMENTO
INSERT INTO DEPARTAMENTO VALUES (1,'Exatas');
INSERT INTO DEPARTAMENTO VALUES (2,'Humanas');
INSERT INTO DEPARTAMENTO VALUES (3,'Idiomas');
INSERT INTO DEPARTAMENTO VALUES (4,'Diretoria');
INSERT INTO DEPARTAMENTO VALUES (5,'Administração');
INSERT INTO DEPARTAMENTO VALUES (6,'Secretaria');
INSERT INTO DEPARTAMENTO VALUES (7,'Financeiro');
INSERT INTO DEPARTAMENTO VALUES (8,'RH');
INSERT INTO DEPARTAMENTO VALUES (9,'TI');

--CURSO

INSERT INTO CURSO VALUES (1,'Estatística','Cálculos e conceitos matemáticos relacionados à estatísticas.',1);
INSERT INTO CURSO VALUES (2,'Finanças','Fundamentos e noções básicas sobre finanças e mercado de capitais.',1);
INSERT INTO CURSO VALUES (3,'Ciência da Computação','Lógica de Programação com linguagem Python e cálculos matemáticos básicos, Banco de Dados e técnicas/ferramentas de Data Science e IA.',9);
INSERT INTO CURSO VALUES (4,'Engenharia Elétrica','Técnicas para projetar e implementar instalações e circuitos elétricos.',1);
INSERT INTO CURSO VALUES (5,'Marketing','Conceitos e técnicas para Marketing, trabalhando com ferramentas de propaganda e publicidade.',2);
INSERT INTO CURSO VALUES (6,'Gestão de RH','Psicologia e prática para trabalhar com Recursos Humanos, buscando e explorando habilidades das pessoas.',2);
INSERT INTO CURSO VALUES (7,'Gestão Comercial','Administração e desenvolvimento de propagandas, vendas, gestão de projetos comerciais e liderança de equipe.',2);
INSERT INTO CURSO VALUES (8,'Letras','Conhecimento e exploração profunda na literatura brasileira e básica na literatura mundial.',2);
INSERT INTO CURSO VALUES (9,'Inglês','Gramática, leitura, audição e conversação do idioma na teoria e prática.',3);
INSERT INTO CURSO VALUES (10,'Espanhol','Gramática, leitura, audição e conversação do idioma na teoria e prática.',3);
INSERT INTO CURSO VALUES (11,'Alemão','Gramática, leitura, audição e conversação do idioma na teoria e prática.',3);
INSERT INTO CURSO VALUES (12,'Francês','Gramática, leitura, audição e conversação do idioma na teoria e prática.',3);

--PROFESSOR
INSERT INTO PROFESSOR VALUES (1,'Gabriela Genir Marinho','000 Wright Motorway Suite 352','(16) 99999-99999','1954-12-08',1,'2016-12-13');
INSERT INTO PROFESSOR VALUES (2,'Marli de Holanda Opinvic','00183 Charles Mountain','(16) 99999-99999','1963-01-15',2,'2016-04-07');
INSERT INTO PROFESSOR VALUES (3,'Walter Mário de Muniz','00626 Jonathan Hollow Apt. 314','(16) 99999-99999','1958-03-21',3,'2016-09-25');
INSERT INTO PROFESSOR VALUES (4,'Cléber de Vasconcelos','0134 Murray Walk','(16) 99999-99999','1957-08-09',9,'2020-10-05');
INSERT INTO PROFESSOR VALUES (5,'Selena Caroline Cavalcante da Silva','0137 Shelton Rest Apt. 273','(16) 99999-99999','1935-01-04',1,'2016-11-09');
INSERT INTO PROFESSOR VALUES (6,'Gabriela da Silva de Macedo','0165 Drew Junction Suite 552','(16) 99999-99999','1930-10-06',2,'2020-05-17');
INSERT INTO PROFESSOR VALUES (7,'Heitor Raul de Meireles Rilia','0181 Ronald Brooks','(16) 99999-99999','1950-02-02',3,'2019-02-06');
INSERT INTO PROFESSOR VALUES (8,'Gabriela Maria Ribohi Valente','01932 Garcia Expressway Suite 183','(16) 99999-99999','1954-04-20',9,'2021-05-24');
INSERT INTO PROFESSOR VALUES (9,'Lúcio Ceilson','015 Johnson Stravenue Suite 582','(16) 99999-99999','1973-04-25',1,'2021-07-06');
INSERT INTO PROFESSOR VALUES (10,'Marco Yumoma Neto','01627 Lopez Path Suite 161','(16) 99999-99999','1969-05-22',2,'2016-04-18');
INSERT INTO PROFESSOR VALUES (11,'Áureo de Palhares Neiol','0214 Ramos Bypass Apt. 986','(16) 99999-99999','1951-02-26',3,'2017-08-24');
INSERT INTO PROFESSOR VALUES (12,'Sílvia Rosimeire Franco','022 Thomas Ridges Apt. 464','(16) 99999-99999','1940-04-04',9,'2019-12-03');
INSERT INTO PROFESSOR VALUES (13,'João Osvaldo de Oliva do Prado','02794 Carr Mountains','(16) 99999-99999','1942-05-15',1,'2020-10-08');
INSERT INTO PROFESSOR VALUES (14,'Flaviana Supugeko de Arantes','031 Cook Ville Suite 523','(16) 99999-99999','1996-05-07',2,'2016-07-30');
INSERT INTO PROFESSOR VALUES (15,'Ronaldo Severino Berrea Bozuga','03656 Ward Plaza Apt. 978','(16) 99999-99999','1931-01-12',3,'2017-09-14');
INSERT INTO PROFESSOR VALUES (16,'Romildo Ademar da Silva Fragoso Júnior','0377 Joshua Circle','(16) 99999-99999','1942-11-25',9,'2017-09-05');
INSERT INTO PROFESSOR VALUES (17,'Bella Biwo','03836 Lydia Creek Apt. 778','(16) 99999-99999','1932-08-15',1,'2016-06-23');
INSERT INTO PROFESSOR VALUES (18,'Márcio de Oliveira Negrão','041 Lin Lock','(16) 99999-99999','1930-02-21',2,'2021-06-15');
INSERT INTO PROFESSOR VALUES (19,'Décio de Leão do Amaral Terceiro','04312 Haley Island','(16) 99999-99999','1981-04-06',3,'2016-06-03');
INSERT INTO PROFESSOR VALUES (20,'Moacyr Arthur Góis','05983 Michael Spring Suite 047','(16) 99999-99999','1986-02-28',9,'2021-09-05');

--DISCIPLINA

INSERT INTO DISCIPLINA VALUES (1,'Cálculo 1',2,5);
INSERT INTO DISCIPLINA VALUES (2,'Cálculo 2',3,1);
INSERT INTO DISCIPLINA VALUES (3,'Probabilidade',4,8);
INSERT INTO DISCIPLINA VALUES (4,'Equações Lineares',5,16);
INSERT INTO DISCIPLINA VALUES (5,'Matemática Financeira',3,17);
INSERT INTO DISCIPLINA VALUES (6,'Admin. e Contabilidade',2,9);
INSERT INTO DISCIPLINA VALUES (7,'Mercado de Capitais',4,17);
INSERT INTO DISCIPLINA VALUES (8,'Python',3,4);
INSERT INTO DISCIPLINA VALUES (9,'Data Science e IA',5,12);
INSERT INTO DISCIPLINA VALUES (10,'Banco de Dados',6,20);
INSERT INTO DISCIPLINA VALUES (11,'Circuitos Elétricos',3,13);
INSERT INTO DISCIPLINA VALUES (12,'Instalações Elétricas',4,13);
INSERT INTO DISCIPLINA VALUES (13,'Elementos do Marketing',3,2);
INSERT INTO DISCIPLINA VALUES (14,'Mapeamento do Público',4,2);
INSERT INTO DISCIPLINA VALUES (15,'Criação e Melhorias',5,2);
INSERT INTO DISCIPLINA VALUES (16,'Mídias Sociais',6,2);
INSERT INTO DISCIPLINA VALUES (17,'Comportam. do Consumidor',3,18);
INSERT INTO DISCIPLINA VALUES (18,'Comércio exterior',4,6);
INSERT INTO DISCIPLINA VALUES (19,'Gestão de Projetos',5,6);
INSERT INTO DISCIPLINA VALUES (20,'Introd. Psicologia',2,18);
INSERT INTO DISCIPLINA VALUES (21,'Gestão de Competências',3,14);
INSERT INTO DISCIPLINA VALUES (22,'Identif. Realoc. de Talentos',4,14);
INSERT INTO DISCIPLINA VALUES (23,'Concepções de Linguagem',2,10);
INSERT INTO DISCIPLINA VALUES (24,'Gêneros Literários',3,10);
INSERT INTO DISCIPLINA VALUES (25,'Variação Linguística',4,10);
INSERT INTO DISCIPLINA VALUES (26,'Literaturas na Educação Básica',5,10);
INSERT INTO DISCIPLINA VALUES (27,'Inglês Básico',2,19);
INSERT INTO DISCIPLINA VALUES (28,'Inglês Intermediário',3,19);
INSERT INTO DISCIPLINA VALUES (29,'Inglês Avançado',4,15);
INSERT INTO DISCIPLINA VALUES (30,'Espanhol Básico',2,3);
INSERT INTO DISCIPLINA VALUES (31,'Espanhol Intermediário',3,3);
INSERT INTO DISCIPLINA VALUES (32,'Espanhol Avançado',4,15);
INSERT INTO DISCIPLINA VALUES (33,'Alemão Básico',2,11);
INSERT INTO DISCIPLINA VALUES (34,'Alemão Intermediário',3,11);
INSERT INTO DISCIPLINA VALUES (35,'Alemão Avançado',4,11);
INSERT INTO DISCIPLINA VALUES (36,'Francês Básico',2,7);
INSERT INTO DISCIPLINA VALUES (37,'Francês Intermediário',3,7);
INSERT INTO DISCIPLINA VALUES (38,'Francês Avançado',4,7);

--PREREQUISITO

INSERT INTO PREREQUISITO VALUES (2,1);
INSERT INTO PREREQUISITO VALUES (7,5);
INSERT INTO PREREQUISITO VALUES (9,8);
INSERT INTO PREREQUISITO VALUES (12,11);
INSERT INTO PREREQUISITO VALUES (15,13);
INSERT INTO PREREQUISITO VALUES (18,13);
INSERT INTO PREREQUISITO VALUES (19,6);
INSERT INTO PREREQUISITO VALUES (22,20);
INSERT INTO PREREQUISITO VALUES (26,24);
INSERT INTO PREREQUISITO VALUES (28,27);
INSERT INTO PREREQUISITO VALUES (29,28);
INSERT INTO PREREQUISITO VALUES (31,30);
INSERT INTO PREREQUISITO VALUES (32,31);
INSERT INTO PREREQUISITO VALUES (34,33);
INSERT INTO PREREQUISITO VALUES (35,34);
INSERT INTO PREREQUISITO VALUES (37,36);
INSERT INTO PREREQUISITO VALUES (38,37);

--COMPOE
INSERT INTO COMPOE VALUES (1,1);
INSERT INTO COMPOE VALUES (1,2);
INSERT INTO COMPOE VALUES (1,3);
INSERT INTO COMPOE VALUES (1,4);
INSERT INTO COMPOE VALUES (2,5);
INSERT INTO COMPOE VALUES (2,6);
INSERT INTO COMPOE VALUES (2,7);
INSERT INTO COMPOE VALUES (3,1);
INSERT INTO COMPOE VALUES (3,3);
INSERT INTO COMPOE VALUES (3,8);
INSERT INTO COMPOE VALUES (3,9);
INSERT INTO COMPOE VALUES (3,10);
INSERT INTO COMPOE VALUES (4,1);
INSERT INTO COMPOE VALUES (4,11);
INSERT INTO COMPOE VALUES (4,12);
INSERT INTO COMPOE VALUES (5,13);
INSERT INTO COMPOE VALUES (5,14);
INSERT INTO COMPOE VALUES (5,15);
INSERT INTO COMPOE VALUES (5,16);
INSERT INTO COMPOE VALUES (6,6);
INSERT INTO COMPOE VALUES (6,20);
INSERT INTO COMPOE VALUES (6,21);
INSERT INTO COMPOE VALUES (6,22);
INSERT INTO COMPOE VALUES (7,6);
INSERT INTO COMPOE VALUES (7,13);
INSERT INTO COMPOE VALUES (7,17);
INSERT INTO COMPOE VALUES (7,18);
INSERT INTO COMPOE VALUES (7,19);
INSERT INTO COMPOE VALUES (8,23);
INSERT INTO COMPOE VALUES (8,24);
INSERT INTO COMPOE VALUES (8,25);
INSERT INTO COMPOE VALUES (8,26);
INSERT INTO COMPOE VALUES (9,27);
INSERT INTO COMPOE VALUES (9,28);
INSERT INTO COMPOE VALUES (9,29);
INSERT INTO COMPOE VALUES (10,30);
INSERT INTO COMPOE VALUES (10,31);
INSERT INTO COMPOE VALUES (10,32);
INSERT INTO COMPOE VALUES (11,33);
INSERT INTO COMPOE VALUES (11,34);
INSERT INTO COMPOE VALUES (11,35);
INSERT INTO COMPOE VALUES (12,36);
INSERT INTO COMPOE VALUES (12,37);
INSERT INTO COMPOE VALUES (12,38);

--ALUNO

INSERT INTO ALUNO VALUES ('5020555555','Bianca Maria dos Santos','0206 Sanford Ford','(16) 99999-99999','1993-03-04');
INSERT INTO ALUNO VALUES ('6169933554','Valéria Natália de Soares do Paraná','0438 Cole Mount','(16) 99999-99999','1961-01-12');
INSERT INTO ALUNO VALUES ('1437901196','Poliana Yasmin Naves Lielua','05301 Stevenson Corner','(16) 99999-99999','1981-09-20');
INSERT INTO ALUNO VALUES ('1712609174','Elano Akizoho de Souza Terceiro','1650 Thompson Manors','(16) 99999-99999','1958-05-23');
INSERT INTO ALUNO VALUES ('1861002026','Danielle Kiean Durirna','1729 Travis Port Suite 555','(16) 99999-99999','1942-05-22');
INSERT INTO ALUNO VALUES ('2928272625','Manoel Charles de Trindade Penedo','0939 Jeff Trail Suite 414','(16) 99999-99999','1978-08-29');
INSERT INTO ALUNO VALUES ('10130986185','Alfredo Anderson de Barros','250 Carroll Road','(16) 99999-99999','2001-02-01');
INSERT INTO ALUNO VALUES ('10299761377','Roberto de Nogueira','250 Lucero Mews Suite 311','(16) 99999-99999','1962-04-07');
INSERT INTO ALUNO VALUES ('10468536559','Abigail Dlantroz','256 Crawford Throughway','(16) 99999-99999','1993-12-28');
INSERT INTO ALUNO VALUES ('11122233344','Sheila Ocuã','012 Elizabeth Stravenue Apt. 349','(16) 99999-99999','1994-01-29');
INSERT INTO ALUNO VALUES ('12141618201','Laura Yoripe','02576 Lewis Falls Suite 987','(16) 99999-99999','1974-12-09');
INSERT INTO ALUNO VALUES ('12345678977','Eliomar Suzanne de Moura','030 Michael Curve Suite 017','(16) 99999-99999','1981-06-20');
INSERT INTO ALUNO VALUES ('15234516524','Marcelo de Barbosa','16736 Kelly Crest Suite 119','(16) 99999-99999','1996-05-28');
INSERT INTO ALUNO VALUES ('16922268394','Lúcio Baltazar da Silva','17127 Ashley Ranch','(16) 99999-99999','1964-10-10');
INSERT INTO ALUNO VALUES ('17780734413','Josiel de Alvim','05422 Grant Skyway','(16) 99999-99999','1976-04-20');
INSERT INTO ALUNO VALUES ('18590127865','Susan Olmo de Souza Rangel','16686 Williams Center','(16) 99999-99999','2008-08-19');
INSERT INTO ALUNO VALUES ('20297772132','Sandra Paulínia Canam','1752 Monica Ranch','(16) 99999-99999','1963-02-13');
INSERT INTO ALUNO VALUES ('21212121212','Daniela Rute de Tozetto','159 Bailey Cove','(16) 99999-99999','1945-03-01');
INSERT INTO ALUNO VALUES ('21985524001','Samara Risme do Vale','1757 John Inlet Suite 690','(16) 99999-99999','1987-10-06');
INSERT INTO ALUNO VALUES ('22233344455','Leandro Augusto de Paranhos Amernma Tristão','028 Kenneth Locks','(16) 99999-99999','2000-09-16');
INSERT INTO ALUNO VALUES ('22558877441','Josilda Nair Lyphornson','03367 Briggs Wall','(16) 99999-99999','2009-04-17');
INSERT INTO ALUNO VALUES ('23673275870','Roberval de Amorim Drouzcos','176 Annette Run','(16) 99999-99999','1932-04-01');
INSERT INTO ALUNO VALUES ('25361027740','Hamilton Gunoi Martinez','177 Davis Fields','(16) 99999-99999','1975-09-15');
INSERT INTO ALUNO VALUES ('27048779600','Humberto Mike de Uchôa','17858 Heidi Underpass','(16) 99999-99999','2001-06-16');
INSERT INTO ALUNO VALUES ('28736531478','Meire Amanda de Osório da Silva','1791 Caldwell Centers Suite 237','(16) 99999-99999','1961-02-28');
INSERT INTO ALUNO VALUES ('30424283347','Ismael de Soares Júnior','180 Michelle Stream','(16) 99999-99999','1943-10-02');
INSERT INTO ALUNO VALUES ('31914223344','Bárbara Felícia Robitako','160 Leslie Rue Apt. 353','(16) 99999-99999','1984-03-08');
INSERT INTO ALUNO VALUES ('32112035216','Milene Selma dos Pinhais de Moura Banhos','18266 Chelsea Mountains','(16) 99999-99999','1970-11-21');
INSERT INTO ALUNO VALUES ('33355599988','Israel de Assunção Pimenta','04462 Lisa Ferry','(16) 99999-99999','1960-10-03');
INSERT INTO ALUNO VALUES ('33799787085','Terezinha Bise de Araújo Finanatiov','1892 Cory Village','(16) 99999-99999','1961-04-20');
INSERT INTO ALUNO VALUES ('34123567630','Dionísio Cirilo Weiss Lole','057 Felicia Plains Apt. 273','(16) 99999-99999','1980-01-04');
INSERT INTO ALUNO VALUES ('35467646557','Rogério Lowimirnian','167 Jeremy Throughway Suite 209','(16) 99999-99999','1947-06-10');
INSERT INTO ALUNO VALUES ('35487538954','Damares Célia de Martins Eclaovi da Silva','1908 Kevin Roads Suite 490','(16) 99999-99999','1995-09-26');
INSERT INTO ALUNO VALUES ('37175290824','Carlos dos Santos Júnior','1909 Kimberly Inlet','(16) 99999-99999','1955-03-08');
INSERT INTO ALUNO VALUES ('38863042693','Ana de Moreira','193 Anthony Tunnel','(16) 99999-99999','1942-04-17');
INSERT INTO ALUNO VALUES ('40550794562','Ana Dilma Phachuzsay','1946 Glenn Spur','(16) 99999-99999','1997-06-19');
INSERT INTO ALUNO VALUES ('42238546431','Joyce Aparecida da Silva','1983 Butler Stravenue Apt. 453','(16) 99999-99999','1951-01-16');
INSERT INTO ALUNO VALUES ('43424140187','Wendy Tatiana Mercado de Menezes','10518 Anthony Freeway','(16) 99999-99999','1938-04-29');
INSERT INTO ALUNO VALUES ('43926298300','Victor de Medeiros d"Ávila Ecifoson','19899 Amber Groves Suite 120','(16) 99999-99999','1980-09-04');
INSERT INTO ALUNO VALUES ('44445555665','Altair de Pereira Isbi Muchol','161 Monica Way','(16) 99999-99999','1970-03-18');
INSERT INTO ALUNO VALUES ('45614050170','Moisés Fontes de Machado','20184 Crawford Mews Apt. 328','(16) 99999-99999','1975-05-28');
INSERT INTO ALUNO VALUES ('47301802039','Elano Augusto Irnsitli','2024 Huff Union Apt. 574','(16) 99999-99999','1981-05-11');
INSERT INTO ALUNO VALUES ('48989553908','Mateus Rodrigues Guedes Npo','205 Sarah Loop','(16) 99999-99999','1936-08-09');
INSERT INTO ALUNO VALUES ('50466400847','Willian Martin Arno','05839 Thompson Rue','(16) 99999-99999','1938-08-31');
INSERT INTO ALUNO VALUES ('50677305777','Paulo de Holanda do Espírito Santo Júnior','2076 Earl Fork Suite 238','(16) 99999-99999','2009-11-06');
INSERT INTO ALUNO VALUES ('51010052012','Bento Frias','060 Stewart Branch','(16) 99999-99999','2004-07-10');
INSERT INTO ALUNO VALUES ('52201370078','José Mourão','06127 Woods Plains Suite 176','(16) 99999-99999','1997-01-03');
INSERT INTO ALUNO VALUES ('52365057644','Otávio Gilmar de Alves Nirnofezsen Inau Júnior','20778 John Ramp','(16) 99999-99999','1964-04-11');
INSERT INTO ALUNO VALUES ('53392688143','Gisele do Amaral de Malta','062 James Shore','(16) 99999-99999','1983-07-14');
INSERT INTO ALUNO VALUES ('54052809516','Suely Daniela Cavalcante','210 Austin Bridge','(16) 99999-99999','1959-10-29');
INSERT INTO ALUNO VALUES ('54584006209','Otto Marlon Iboman da Silva','0620 Christensen Fords','(16) 99999-99999','1957-10-01');
INSERT INTO ALUNO VALUES ('55740561385',' ngelo Izcunarn','21067 Laurie Pike','(16) 99999-99999','2004-08-07');
INSERT INTO ALUNO VALUES ('55775324274','Alexandre Humberto Pinhão de Cerqueira Usago','063 Douglas Stravenue','(16) 99999-99999','1983-11-21');
INSERT INTO ALUNO VALUES ('56966642339','Selma Fortes','0633 Patrick Drives Apt. 420','(16) 99999-99999','1948-10-09');
INSERT INTO ALUNO VALUES ('57428313254','Yasmin Banhos','2117 Randy Lights','(16) 99999-99999','1977-08-16');
INSERT INTO ALUNO VALUES ('57585758579','Xerxes do Paraná','1100 Daniel Gardens Apt. 024','(16) 99999-99999','1993-04-25');
INSERT INTO ALUNO VALUES ('58157960405','Mel Naves de Vasconcelos','06390 Ashley Forks Apt. 050','(16) 99999-99999','1966-07-05');
INSERT INTO ALUNO VALUES ('59116065123','Laerte Ederson Moreno','21391 Cory Oval Apt. 436','(16) 99999-99999','1954-10-26');
INSERT INTO ALUNO VALUES ('59349278470','Ana Moreno','0669 Hill Heights Apt. 171','(16) 99999-99999','1981-02-07');
INSERT INTO ALUNO VALUES ('60540596536','Ney Adílson Gomo','06709 Pitts Fields','(16) 99999-99999','1930-04-28');
INSERT INTO ALUNO VALUES ('60803816994','Beatriz Sônia Ublavi da Rocha','21627 David Neck','(16) 99999-99999','1981-01-23');
INSERT INTO ALUNO VALUES ('61731914601','Mônica Fabiana Prates','068 Ruth Ridges','(16) 99999-99999','1965-08-13');
INSERT INTO ALUNO VALUES ('62491568861','Zara de Angola','219 Gonzalez Valley','(16) 99999-99999','1992-07-09');
INSERT INTO ALUNO VALUES ('62626255555','Marciano de Bezerra Buarque Oeyser','1121 Phyllis Gateway','(16) 99999-99999','1950-02-21');
INSERT INTO ALUNO VALUES ('62923232666','Ivanete Mirela Tsuyupeka','0685 Jackson Ferry Apt. 908','(16) 99999-99999','1992-12-01');
INSERT INTO ALUNO VALUES ('64114550732','Bete Rute Pede','069 Brittany Points Suite 047','(16) 99999-99999','1982-12-02');
INSERT INTO ALUNO VALUES ('64179320731','Nádia Rauson Efro','221 Dawn Hill Apt. 047','(16) 99999-99999','1991-08-26');
INSERT INTO ALUNO VALUES ('64477543628','Guiomar Verônica de Oliveira Naves','119 Carpenter Fords','(16) 99999-99999','1964-11-05');
INSERT INTO ALUNO VALUES ('64828219030','Caio Geli Gomes','11950 Johnson Mission Apt. 583','(16) 99999-99999','2008-03-13');
INSERT INTO ALUNO VALUES ('65178894431','Oliver Pires Nago','12373 Henry Streets','(16) 99999-99999','1933-07-02');
INSERT INTO ALUNO VALUES ('65305868797','Neila da Silva','072 Hall Mountain Apt. 224','(16) 99999-99999','1947-08-31');
INSERT INTO ALUNO VALUES ('65529569832','Eustáquio Itysson','12544 Byrd Extensions Suite 786','(16) 99999-99999','1982-08-09');
INSERT INTO ALUNO VALUES ('65867072600','Ali de Magalhães','22319 Lynch Summit','(16) 99999-99999','1979-05-18');
INSERT INTO ALUNO VALUES ('65880245234','Viviane Larissa de Sampaio','132 Jessica Forge','(16) 99999-99999','1998-04-19');
INSERT INTO ALUNO VALUES ('66230920635','Ingrid de Angola Barroso','133 Peck Streets Suite 250','(16) 99999-99999','1939-02-19');
INSERT INTO ALUNO VALUES ('66497186863','Helena Gois Creti','0721 Ho Flat Apt. 522','(16) 99999-99999','1976-09-28');
INSERT INTO ALUNO VALUES ('66581596036','Alan Siumyde Muu da Silva','1337 Rios Coves','(16) 99999-99999','1945-02-26');
INSERT INTO ALUNO VALUES ('66809234064','Gisele de Meireles','05951 Jenkins Crossing Suite 446','(16) 99999-99999','1972-11-24');
INSERT INTO ALUNO VALUES ('66932271437','Rosana Talita de Alvarenga','1338 Heidi Glen Suite 479','(16) 99999-99999','1954-11-19');
INSERT INTO ALUNO VALUES ('67282946839','José Décio Zyvo','134 Gina Causeway','(16) 99999-99999','1930-01-28');
INSERT INTO ALUNO VALUES ('67554824469','Lili Terezinha da Silva','2272 Bell Walk','(16) 99999-99999','1958-05-01');
INSERT INTO ALUNO VALUES ('67633622240','Úrsula de Angola Heijira','1356 Watson Estate','(16) 99999-99999','1954-02-09');
INSERT INTO ALUNO VALUES ('67688504928','Melanie Vânia de Camargo da Rocha','0787 Stephens Plaza','(16) 99999-99999','2000-03-19');
INSERT INTO ALUNO VALUES ('67984297641','Mário Frederico Ovrilso','137 Goodwin Parks','(16) 99999-99999','1997-04-07');
INSERT INTO ALUNO VALUES ('68334973043','Leni Xaetreu','13734 Margaret Point','(16) 99999-99999','2001-05-03');
INSERT INTO ALUNO VALUES ('68685648444','Isaías Hamilton da Silva','138 Smith Streets Apt. 492','(16) 99999-99999','1931-11-03');
INSERT INTO ALUNO VALUES ('68752234762','João Cléber da Silva','04476 Cheryl Camp Apt. 802','(16) 99999-99999','1953-09-24');
INSERT INTO ALUNO VALUES ('68879822993','Quirino Martinez da Silva Neienason','0789 Meza Fork','(16) 99999-99999','1961-07-04');
INSERT INTO ALUNO VALUES ('69036323845','Jackson Jorge Suwoga','13850 Good Motorway','(16) 99999-99999','2004-01-16');
INSERT INTO ALUNO VALUES ('69242576334','Roberval da Cunha de Tavares','22953 Michael Mountains Suite 782','(16) 99999-99999','1932-01-14');
INSERT INTO ALUNO VALUES ('69386999246','David Meynyorn','139 Hutchinson Junctions','(16) 99999-99999','2005-04-12');
INSERT INTO ALUNO VALUES ('69737674648','Abílio Jânio Joepa','14263 Garcia Mission Apt. 814','(16) 99999-99999','2004-06-09');
INSERT INTO ALUNO VALUES ('70071141059','Simão de Fraga Neto','079 Suzanne Stream','(16) 99999-99999','1963-07-08');
INSERT INTO ALUNO VALUES ('70088350049','Dionísio Kim de Oliveira Fragoso Júnior','14316 Wilson Spring','(16) 99999-99999','1967-08-27');
INSERT INTO ALUNO VALUES ('70439025450','Karina dos Santos','1432 Sarah Curve','(16) 99999-99999','1990-05-26');
INSERT INTO ALUNO VALUES ('70789700852','Paula Eztrern','144 Hicks Ports','(16) 99999-99999','1982-10-07');
INSERT INTO ALUNO VALUES ('70930328207','Olímpia Estrada das Neves','230 Joshua Squares','(16) 99999-99999','2007-07-01');
INSERT INTO ALUNO VALUES ('71140376253','Brenda de Junqueira','144 Hogan Loaf','(16) 99999-99999','1939-08-04');
INSERT INTO ALUNO VALUES ('71262459124','Quésia Amoã','081 Figueroa Corners Apt. 472','(16) 99999-99999','1979-06-23');
INSERT INTO ALUNO VALUES ('71491051654','Joelma de Brandão','14956 Brown Knolls','(16) 99999-99999','2004-07-07');
INSERT INTO ALUNO VALUES ('71841727055','Edson Coso','1531 Brown Motorway','(16) 99999-99999','1975-05-21');
INSERT INTO ALUNO VALUES ('72192402457','Olímpia de Chaves Sasenabu','15416 Mitchell Common Suite 092','(16) 99999-99999','1995-02-18');
INSERT INTO ALUNO VALUES ('72453777190','Otaviano Marcelo de Carvalho','08396 James Grove Suite 681','(16) 99999-99999','1944-07-09');
INSERT INTO ALUNO VALUES ('72543077858','Ney de Toledo Sanches','1624 Amber Point Suite 348','(16) 99999-99999','1956-02-18');
INSERT INTO ALUNO VALUES ('72618080077','Jonas Fred Rangel','2311 Ann Courts Apt. 922','(16) 99999-99999','1982-12-22');
INSERT INTO ALUNO VALUES ('73645095255','Gisele Rosatto','085 Christopher Manors','(16) 99999-99999','2003-03-17');
INSERT INTO ALUNO VALUES ('74174171444','Raiane da Luz Gutierrez de Borges','044 Rachel Falls Suite 789','(16) 99999-99999','1968-07-25');
INSERT INTO ALUNO VALUES ('74305831946','Roberta de Oliveira Ximenes','23149 Jessica Ranch Apt. 613','(16) 99999-99999','1965-05-12');
INSERT INTO ALUNO VALUES ('74836413320','Fabiana Dina de Melo','0860 Melinda Drive','(16) 99999-99999','1965-04-11');
INSERT INTO ALUNO VALUES ('75993583815','Juliano de Diniz Esluyer Anuneson','23381 Roy Hollow Apt. 749','(16) 99999-99999','1985-11-09');
INSERT INTO ALUNO VALUES ('76027731386','Sandro Waei Mendes de Britto','08924 Raymond Run Suite 652','(16) 99999-99999','1938-03-01');
INSERT INTO ALUNO VALUES ('77219049451','Itamar de Carvalho Júnior','0934 Lee Valley','(16) 99999-99999','1932-01-14');
INSERT INTO ALUNO VALUES ('77681335684','Bartolomeu Otaviano de Ferraz','2353 Andrew Inlet Suite 652','(16) 99999-99999','2000-04-18');
INSERT INTO ALUNO VALUES ('79369087553','Eduardo Nepanegi','237 Mark Park Apt. 909','(16) 99999-99999','1939-08-09');
INSERT INTO ALUNO VALUES ('81056839422','Marielle da Serra','237 Richardson Ford Suite 476','(16) 99999-99999','2008-12-29');
INSERT INTO ALUNO VALUES ('82744591292','Antônio Oeulu','23751 Cox Terrace Apt. 161','(16) 99999-99999','1996-03-23');
INSERT INTO ALUNO VALUES ('84432343161','Jorge Walter Mili Alkenumi Júnior','2382 Trevor Shore Suite 669','(16) 99999-99999','1964-12-13');
INSERT INTO ALUNO VALUES ('85095067979','Robson Drynom Freire Júnior','05080 Travis Shores','(16) 99999-99999','2005-08-04');
INSERT INTO ALUNO VALUES ('85285287414','Selena Mayra de Souza Ugiza Gutierrez','165 Reed Ports Suite 314','(16) 99999-99999','1934-04-30');
INSERT INTO ALUNO VALUES ('86120095098','Thiago Leandro do Rio de Souza','23836 Morales Avenue Apt. 703','(16) 99999-99999','2007-06-01');
INSERT INTO ALUNO VALUES ('87807846899','Karin Luciana de Antunes Pinhão','2391 Tyler Crest Suite 791','(16) 99999-99999','1957-07-19');
INSERT INTO ALUNO VALUES ('89495598768','Úrsula dos Santos Behere do Espírito Santo','2438 Maria Extensions','(16) 99999-99999','1937-04-20');
INSERT INTO ALUNO VALUES ('91183350638','Kauê Albafriov','24622 Rodgers Rapid Apt. 751','(16) 99999-99999','1958-11-03');
INSERT INTO ALUNO VALUES ('92871102507','Albino Nicolas de Gimenes','247 Vaughn Shores','(16) 99999-99999','2009-06-27');
INSERT INTO ALUNO VALUES ('94558854373','Ana de Barbosa','24762 Tina Cliff Suite 930','(16) 99999-99999','1937-05-20');
INSERT INTO ALUNO VALUES ('96246606245','Edu Arnaldo Mineiro Cuminnas Towateho','24779 Cheryl Ferry','(16) 99999-99999','1965-04-22');
INSERT INTO ALUNO VALUES ('97934358114','Avelino Abirner Neto','2488 Davis Mills','(16) 99999-99999','1938-07-18');
INSERT INTO ALUNO VALUES ('98598598598','Soraya Brides Liuviã','101 Kelly Isle','(16) 99999-99999','1939-04-22');
INSERT INTO ALUNO VALUES ('99141819171','Reinaldo Murilo da Silva','09633 Baker Square','(16) 99999-99999','1930-03-26');
INSERT INTO ALUNO VALUES ('99622109983','Cíntia Regina Schneider Teles','2489 Barton Cliffs Suite 644','(16) 99999-99999','1941-06-04');

--MATRICULA

INSERT INTO MATRICULA VALUES (9,'5020555555','2016-12-03');
INSERT INTO MATRICULA VALUES (8,'6169933554','2020-10-07');
INSERT INTO MATRICULA VALUES (9,'1437901196','2019-06-02');
INSERT INTO MATRICULA VALUES (8,'1712609174','2018-11-06');
INSERT INTO MATRICULA VALUES (3,'1861002026','2020-01-10');
INSERT INTO MATRICULA VALUES (3,'2928272625','2018-05-31');
INSERT INTO MATRICULA VALUES (9,'10130986185','2021-06-16');
INSERT INTO MATRICULA VALUES (9,'10299761377','2019-03-12');
INSERT INTO MATRICULA VALUES (1,'10468536559','2021-08-06');
INSERT INTO MATRICULA VALUES (3,'11122233344','2018-05-18');
INSERT INTO MATRICULA VALUES (8,'12141618201','2020-01-30');
INSERT INTO MATRICULA VALUES (6,'12345678977','2019-02-05');
INSERT INTO MATRICULA VALUES (7,'15234516524','2015-10-13');
INSERT INTO MATRICULA VALUES (5,'16922268394','2018-05-31');
INSERT INTO MATRICULA VALUES (3,'17780734413','2021-01-21');
INSERT INTO MATRICULA VALUES (8,'18590127865','2021-04-08');
INSERT INTO MATRICULA VALUES (1,'20297772132','2019-12-16');
INSERT INTO MATRICULA VALUES (9,'21212121212','2018-11-07');
INSERT INTO MATRICULA VALUES (3,'21985524001','2019-02-15');
INSERT INTO MATRICULA VALUES (1,'22233344455','2018-10-28');
INSERT INTO MATRICULA VALUES (11,'22558877441','2021-07-22');
INSERT INTO MATRICULA VALUES (12,'23673275870','2018-08-01');
INSERT INTO MATRICULA VALUES (9,'25361027740','2019-02-26');
INSERT INTO MATRICULA VALUES (9,'27048779600','2016-06-30');
INSERT INTO MATRICULA VALUES (9,'28736531478','2017-01-13');
INSERT INTO MATRICULA VALUES (7,'30424283347','2018-06-30');
INSERT INTO MATRICULA VALUES (2,'31914223344','2019-04-28');
INSERT INTO MATRICULA VALUES (8,'32112035216','2016-12-16');
INSERT INTO MATRICULA VALUES (7,'33355599988','2015-12-05');
INSERT INTO MATRICULA VALUES (4,'33799787085','2020-12-16');
INSERT INTO MATRICULA VALUES (11,'34123567630','2018-01-19');
INSERT INTO MATRICULA VALUES (1,'35467646557','2021-03-23');
INSERT INTO MATRICULA VALUES (2,'35487538954','2019-04-05');
INSERT INTO MATRICULA VALUES (7,'37175290824','2018-09-04');
INSERT INTO MATRICULA VALUES (10,'38863042693','2016-12-23');
INSERT INTO MATRICULA VALUES (7,'40550794562','2018-05-16');
INSERT INTO MATRICULA VALUES (6,'42238546431','2016-01-24');
INSERT INTO MATRICULA VALUES (10,'43424140187','2020-08-01');
INSERT INTO MATRICULA VALUES (11,'43926298300','2016-04-28');
INSERT INTO MATRICULA VALUES (9,'44445555665','2019-06-19');
INSERT INTO MATRICULA VALUES (9,'45614050170','2016-06-13');
INSERT INTO MATRICULA VALUES (12,'47301802039','2017-09-04');
INSERT INTO MATRICULA VALUES (10,'48989553908','2019-03-22');
INSERT INTO MATRICULA VALUES (3,'50466400847','2021-08-27');
INSERT INTO MATRICULA VALUES (3,'50677305777','2020-11-11');
INSERT INTO MATRICULA VALUES (4,'51010052012','2018-02-09');
INSERT INTO MATRICULA VALUES (7,'52201370078','2018-10-21');
INSERT INTO MATRICULA VALUES (6,'52365057644','2018-10-11');
INSERT INTO MATRICULA VALUES (6,'53392688143','2018-07-08');
INSERT INTO MATRICULA VALUES (6,'54052809516','2018-12-14');
INSERT INTO MATRICULA VALUES (9,'54584006209','2019-02-05');
INSERT INTO MATRICULA VALUES (2,'55740561385','2016-12-09');
INSERT INTO MATRICULA VALUES (11,'55775324274','2018-11-09');
INSERT INTO MATRICULA VALUES (3,'56966642339','2020-04-02');
INSERT INTO MATRICULA VALUES (10,'57428313254','2017-03-01');
INSERT INTO MATRICULA VALUES (1,'57585758579','2018-07-16');
INSERT INTO MATRICULA VALUES (3,'58157960405','2021-02-01');
INSERT INTO MATRICULA VALUES (6,'59116065123','2018-06-08');
INSERT INTO MATRICULA VALUES (1,'59349278470','2021-05-28');
INSERT INTO MATRICULA VALUES (5,'60540596536','2020-03-21');
INSERT INTO MATRICULA VALUES (1,'60803816994','2017-04-14');
INSERT INTO MATRICULA VALUES (10,'61731914601','2019-10-13');
INSERT INTO MATRICULA VALUES (10,'62491568861','2020-09-15');
INSERT INTO MATRICULA VALUES (6,'62626255555','2016-11-03');
INSERT INTO MATRICULA VALUES (11,'62923232666','2016-09-13');
INSERT INTO MATRICULA VALUES (12,'64114550732','2016-12-05');
INSERT INTO MATRICULA VALUES (8,'64179320731','2019-07-19');
INSERT INTO MATRICULA VALUES (5,'64477543628','2021-09-03');
INSERT INTO MATRICULA VALUES (8,'64828219030','2020-01-15');
INSERT INTO MATRICULA VALUES (12,'65178894431','2017-07-06');
INSERT INTO MATRICULA VALUES (7,'65305868797','2019-06-12');
INSERT INTO MATRICULA VALUES (12,'65529569832','2016-11-21');
INSERT INTO MATRICULA VALUES (3,'65867072600','2016-11-12');
INSERT INTO MATRICULA VALUES (12,'65880245234','2021-06-01');
INSERT INTO MATRICULA VALUES (7,'66230920635','2020-01-23');
INSERT INTO MATRICULA VALUES (11,'66497186863','2019-09-14');
INSERT INTO MATRICULA VALUES (8,'66581596036','2017-01-27');
INSERT INTO MATRICULA VALUES (1,'66809234064','2021-05-24');
INSERT INTO MATRICULA VALUES (12,'66932271437','2018-10-17');
INSERT INTO MATRICULA VALUES (5,'67282946839','2018-12-25');
INSERT INTO MATRICULA VALUES (3,'67554824469','2018-05-16');
INSERT INTO MATRICULA VALUES (2,'67633622240','2019-05-12');
INSERT INTO MATRICULA VALUES (4,'67688504928','2018-06-06');
INSERT INTO MATRICULA VALUES (10,'67984297641','2018-09-26');
INSERT INTO MATRICULA VALUES (2,'68334973043','2017-01-13');
INSERT INTO MATRICULA VALUES (8,'68685648444','2016-09-30');
INSERT INTO MATRICULA VALUES (5,'68752234762','2021-07-19');
INSERT INTO MATRICULA VALUES (2,'68879822993','2021-01-01');
INSERT INTO MATRICULA VALUES (3,'69036323845','2018-01-16');
INSERT INTO MATRICULA VALUES (11,'69242576334','2017-10-30');
INSERT INTO MATRICULA VALUES (9,'69386999246','2020-01-02');
INSERT INTO MATRICULA VALUES (4,'69737674648','2021-02-12');
INSERT INTO MATRICULA VALUES (4,'70071141059','2020-10-02');
INSERT INTO MATRICULA VALUES (5,'70088350049','2018-01-09');
INSERT INTO MATRICULA VALUES (6,'70439025450','2021-03-29');
INSERT INTO MATRICULA VALUES (10,'70789700852','2018-12-28');
INSERT INTO MATRICULA VALUES (9,'70930328207','2017-10-12');
INSERT INTO MATRICULA VALUES (3,'71140376253','2015-11-28');
INSERT INTO MATRICULA VALUES (4,'71262459124','2021-09-03');
INSERT INTO MATRICULA VALUES (10,'71491051654','2017-02-19');
INSERT INTO MATRICULA VALUES (11,'71841727055','2019-06-27');
INSERT INTO MATRICULA VALUES (7,'72192402457','2019-10-07');
INSERT INTO MATRICULA VALUES (7,'72453777190','2017-11-05');
INSERT INTO MATRICULA VALUES (4,'72543077858','2018-04-18');
INSERT INTO MATRICULA VALUES (4,'72618080077','2016-02-14');
INSERT INTO MATRICULA VALUES (10,'73645095255','2016-11-01');
INSERT INTO MATRICULA VALUES (5,'74174171444','2018-05-13');
INSERT INTO MATRICULA VALUES (6,'74305831946','2019-10-16');
INSERT INTO MATRICULA VALUES (7,'74836413320','2016-12-09');
INSERT INTO MATRICULA VALUES (9,'75993583815','2015-12-10');
INSERT INTO MATRICULA VALUES (2,'76027731386','2021-01-22');
INSERT INTO MATRICULA VALUES (4,'77219049451','2020-02-11');
INSERT INTO MATRICULA VALUES (10,'77681335684','2019-08-02');
INSERT INTO MATRICULA VALUES (3,'79369087553','2016-05-26');
INSERT INTO MATRICULA VALUES (6,'81056839422','2017-06-30');
INSERT INTO MATRICULA VALUES (6,'82744591292','2016-01-09');
INSERT INTO MATRICULA VALUES (11,'84432343161','2017-02-17');
INSERT INTO MATRICULA VALUES (1,'85095067979','2020-05-08');
INSERT INTO MATRICULA VALUES (5,'85285287414','2020-02-19');
INSERT INTO MATRICULA VALUES (3,'86120095098','2015-09-30');
INSERT INTO MATRICULA VALUES (7,'87807846899','2019-07-17');
INSERT INTO MATRICULA VALUES (9,'89495598768','2020-12-04');
INSERT INTO MATRICULA VALUES (9,'91183350638','2017-03-25');
INSERT INTO MATRICULA VALUES (2,'92871102507','2018-09-27');
INSERT INTO MATRICULA VALUES (9,'94558854373','2019-06-13');
INSERT INTO MATRICULA VALUES (6,'96246606245','2016-05-27');
INSERT INTO MATRICULA VALUES (9,'97934358114','2016-07-09');
INSERT INTO MATRICULA VALUES (6,'98598598598','2018-07-11');
INSERT INTO MATRICULA VALUES (1,'99141819171','2021-07-20');
INSERT INTO MATRICULA VALUES (8,'99622109983','2019-04-26');
INSERT INTO MATRICULA VALUES (3,'27048779600','2016-08-30');
INSERT INTO MATRICULA VALUES (5,'28736531478','2017-03-13');
INSERT INTO MATRICULA VALUES (9,'30424283347','2018-07-30');
INSERT INTO MATRICULA VALUES (1,'31914223344','2019-05-28');
INSERT INTO MATRICULA VALUES (10,'32112035216','2017-02-16');
INSERT INTO MATRICULA VALUES (9,'33355599988','2016-03-05');
INSERT INTO MATRICULA VALUES (9,'33799787085','2021-04-16');
INSERT INTO MATRICULA VALUES (9,'34123567630','2017-02-13');
INSERT INTO MATRICULA VALUES (10,'68685648444','2016-10-30');
INSERT INTO MATRICULA VALUES (9,'68752234762','2021-11-19');
INSERT INTO MATRICULA VALUES (1,'68879822993','2021-05-01');
INSERT INTO MATRICULA VALUES (9,'69036323845','2018-02-16');
INSERT INTO MATRICULA VALUES (9,'69242576334','2017-11-30');
INSERT INTO MATRICULA VALUES (3,'69386999246','2020-01-22');
INSERT INTO MATRICULA VALUES (3,'69737674648','2021-03-12');
INSERT INTO MATRICULA VALUES (9,'70071141059','2020-12-02');
INSERT INTO MATRICULA VALUES (6,'70088350049','2018-02-09');
INSERT INTO MATRICULA VALUES (5,'70439025450','2021-09-29');
INSERT INTO MATRICULA VALUES (11,'70789700852','2019-01-28');
INSERT INTO MATRICULA VALUES (5,'70930328207','2017-11-12');
INSERT INTO MATRICULA VALUES (9,'71140376253','2016-01-28');
INSERT INTO MATRICULA VALUES (3,'71262459124','2021-09-30');
INSERT INTO MATRICULA VALUES (11,'71491051654','2017-04-19');
INSERT INTO MATRICULA VALUES (9,'71841727055','2019-08-27');
INSERT INTO MATRICULA VALUES (9,'72192402457','2019-11-07');
INSERT INTO MATRICULA VALUES (9,'72453777190','2018-03-05');
INSERT INTO MATRICULA VALUES (9,'72543077858','2018-06-18');
INSERT INTO MATRICULA VALUES (3,'72618080077','2016-04-14');
INSERT INTO MATRICULA VALUES (11,'73645095255','2017-03-01');
INSERT INTO MATRICULA VALUES (6,'74174171444','1899-12-30');


INSERT INTO CURSA VALUES ('5020555555',27);
INSERT INTO CURSA VALUES ('6169933554',23);
INSERT INTO CURSA VALUES ('1437901196',27);
INSERT INTO CURSA VALUES ('1712609174',23);
INSERT INTO CURSA VALUES ('1861002026',1);
INSERT INTO CURSA VALUES ('2928272625',1);
INSERT INTO CURSA VALUES ('10130986185',28);
INSERT INTO CURSA VALUES ('10299761377',28);
INSERT INTO CURSA VALUES ('10468536559',1);
INSERT INTO CURSA VALUES ('11122233344',3);
INSERT INTO CURSA VALUES ('12141618201',23);
INSERT INTO CURSA VALUES ('12345678977',6);
INSERT INTO CURSA VALUES ('15234516524',13);
INSERT INTO CURSA VALUES ('16922268394',14);
INSERT INTO CURSA VALUES ('17780734413',8);
INSERT INTO CURSA VALUES ('18590127865',23);
INSERT INTO CURSA VALUES ('20297772132',2);
INSERT INTO CURSA VALUES ('21212121212',29);
INSERT INTO CURSA VALUES ('21985524001',8);
INSERT INTO CURSA VALUES ('22233344455',2);
INSERT INTO CURSA VALUES ('22558877441',33);
INSERT INTO CURSA VALUES ('23673275870',36);
INSERT INTO CURSA VALUES ('25361027740',29);
INSERT INTO CURSA VALUES ('27048779600',29);
INSERT INTO CURSA VALUES ('28736531478',28);
INSERT INTO CURSA VALUES ('30424283347',17);
INSERT INTO CURSA VALUES ('31914223344',6);
INSERT INTO CURSA VALUES ('32112035216',24);
INSERT INTO CURSA VALUES ('33355599988',19);
INSERT INTO CURSA VALUES ('33799787085',11);
INSERT INTO CURSA VALUES ('34123567630',33);
INSERT INTO CURSA VALUES ('35467646557',4);
INSERT INTO CURSA VALUES ('35487538954',6);
INSERT INTO CURSA VALUES ('37175290824',13);
INSERT INTO CURSA VALUES ('38863042693',30);
INSERT INTO CURSA VALUES ('40550794562',6);
INSERT INTO CURSA VALUES ('42238546431',20);
INSERT INTO CURSA VALUES ('43424140187',31);
INSERT INTO CURSA VALUES ('43926298300',34);
INSERT INTO CURSA VALUES ('44445555665',27);
INSERT INTO CURSA VALUES ('45614050170',27);
INSERT INTO CURSA VALUES ('47301802039',36);
INSERT INTO CURSA VALUES ('48989553908',31);
INSERT INTO CURSA VALUES ('50466400847',9);
INSERT INTO CURSA VALUES ('50677305777',9);
INSERT INTO CURSA VALUES ('51010052012',11);
INSERT INTO CURSA VALUES ('52201370078',18);
INSERT INTO CURSA VALUES ('52365057644',21);
INSERT INTO CURSA VALUES ('53392688143',21);
INSERT INTO CURSA VALUES ('54052809516',22);
INSERT INTO CURSA VALUES ('54584006209',28);
INSERT INTO CURSA VALUES ('55740561385',6);
INSERT INTO CURSA VALUES ('55775324274',34);
INSERT INTO CURSA VALUES ('56966642339',8);
INSERT INTO CURSA VALUES ('57428313254',30);
INSERT INTO CURSA VALUES ('57585758579',4);
INSERT INTO CURSA VALUES ('58157960405',9);
INSERT INTO CURSA VALUES ('59116065123',21);
INSERT INTO CURSA VALUES ('59349278470',1);
INSERT INTO CURSA VALUES ('60540596536',13);
INSERT INTO CURSA VALUES ('60803816994',1);
INSERT INTO CURSA VALUES ('61731914601',30);
INSERT INTO CURSA VALUES ('62491568861',30);
INSERT INTO CURSA VALUES ('62626255555',6);
INSERT INTO CURSA VALUES ('62923232666',34);
INSERT INTO CURSA VALUES ('64114550732',36);
INSERT INTO CURSA VALUES ('64179320731',24);
INSERT INTO CURSA VALUES ('64477543628',14);
INSERT INTO CURSA VALUES ('64828219030',25);
INSERT INTO CURSA VALUES ('65178894431',37);
INSERT INTO CURSA VALUES ('65305868797',18);
INSERT INTO CURSA VALUES ('65529569832',38);
INSERT INTO CURSA VALUES ('65867072600',8);
INSERT INTO CURSA VALUES ('65880245234',36);
INSERT INTO CURSA VALUES ('66230920635',17);
INSERT INTO CURSA VALUES ('66497186863',33);
INSERT INTO CURSA VALUES ('66581596036',24);
INSERT INTO CURSA VALUES ('66809234064',4);
INSERT INTO CURSA VALUES ('66932271437',36);
INSERT INTO CURSA VALUES ('67282946839',14);
INSERT INTO CURSA VALUES ('67554824469',8);
INSERT INTO CURSA VALUES ('67633622240',6);
INSERT INTO CURSA VALUES ('67688504928',12);
INSERT INTO CURSA VALUES ('67984297641',30);
INSERT INTO CURSA VALUES ('68334973043',7);
INSERT INTO CURSA VALUES ('68685648444',23);
INSERT INTO CURSA VALUES ('68752234762',14);
INSERT INTO CURSA VALUES ('68879822993',6);
INSERT INTO CURSA VALUES ('69036323845',10);
INSERT INTO CURSA VALUES ('69242576334',33);
INSERT INTO CURSA VALUES ('69386999246',29);
INSERT INTO CURSA VALUES ('69737674648',1);
INSERT INTO CURSA VALUES ('70071141059',11);
INSERT INTO CURSA VALUES ('70088350049',16);
INSERT INTO CURSA VALUES ('70439025450',22);
INSERT INTO CURSA VALUES ('70789700852',30);
INSERT INTO CURSA VALUES ('70930328207',28);
INSERT INTO CURSA VALUES ('71140376253',9);
INSERT INTO CURSA VALUES ('71262459124',12);
INSERT INTO CURSA VALUES ('71491051654',32);
INSERT INTO CURSA VALUES ('71841727055',34);
INSERT INTO CURSA VALUES ('72192402457',13);
INSERT INTO CURSA VALUES ('72453777190',17);
INSERT INTO CURSA VALUES ('72543077858',11);
INSERT INTO CURSA VALUES ('72618080077',1);
INSERT INTO CURSA VALUES ('73645095255',32);
INSERT INTO CURSA VALUES ('74174171444',15);
INSERT INTO CURSA VALUES ('74305831946',22);
INSERT INTO CURSA VALUES ('74836413320',18);
INSERT INTO CURSA VALUES ('75993583815',28);
INSERT INTO CURSA VALUES ('76027731386',5);
INSERT INTO CURSA VALUES ('77219049451',1);
INSERT INTO CURSA VALUES ('77681335684',31);
INSERT INTO CURSA VALUES ('79369087553',9);
INSERT INTO CURSA VALUES ('81056839422',20);
INSERT INTO CURSA VALUES ('82744591292',21);
INSERT INTO CURSA VALUES ('84432343161',35);
INSERT INTO CURSA VALUES ('85095067979',3);
INSERT INTO CURSA VALUES ('85285287414',13);
INSERT INTO CURSA VALUES ('86120095098',10);
INSERT INTO CURSA VALUES ('87807846899',6);
INSERT INTO CURSA VALUES ('89495598768',27);
INSERT INTO CURSA VALUES ('91183350638',29);
INSERT INTO CURSA VALUES ('92871102507',7);
INSERT INTO CURSA VALUES ('94558854373',28);
INSERT INTO CURSA VALUES ('96246606245',21);
INSERT INTO CURSA VALUES ('97934358114',28);
INSERT INTO CURSA VALUES ('98598598598',22);
INSERT INTO CURSA VALUES ('99141819171',3);
INSERT INTO CURSA VALUES ('99622109983',25);
INSERT INTO CURSA VALUES ('27048779600',8);
INSERT INTO CURSA VALUES ('28736531478',14);
INSERT INTO CURSA VALUES ('30424283347',27);
INSERT INTO CURSA VALUES ('31914223344',4);
INSERT INTO CURSA VALUES ('32112035216',31);
INSERT INTO CURSA VALUES ('33355599988',28);
INSERT INTO CURSA VALUES ('33799787085',29);
INSERT INTO CURSA VALUES ('34123567630',27);
INSERT INTO CURSA VALUES ('68685648444',30);
INSERT INTO CURSA VALUES ('68752234762',28);
INSERT INTO CURSA VALUES ('68879822993',2);
INSERT INTO CURSA VALUES ('69036323845',27);
INSERT INTO CURSA VALUES ('69242576334',28);
INSERT INTO CURSA VALUES ('69386999246',9);
INSERT INTO CURSA VALUES ('69737674648',3);
INSERT INTO CURSA VALUES ('70071141059',27);
INSERT INTO CURSA VALUES ('70088350049',20);
INSERT INTO CURSA VALUES ('70439025450',13);
INSERT INTO CURSA VALUES ('70789700852',33);
INSERT INTO CURSA VALUES ('70930328207',14);
INSERT INTO CURSA VALUES ('71140376253',28);
INSERT INTO CURSA VALUES ('71262459124',9);
INSERT INTO CURSA VALUES ('71491051654',34);
INSERT INTO CURSA VALUES ('71841727055',27);
INSERT INTO CURSA VALUES ('72192402457',28);
INSERT INTO CURSA VALUES ('72453777190',29);
INSERT INTO CURSA VALUES ('72543077858',27);
INSERT INTO CURSA VALUES ('72618080077',10);
INSERT INTO CURSA VALUES ('73645095255',35);
INSERT INTO CURSA VALUES ('74174171444',21);




